"19123","03","13","15","26","30","05","12"
"19122","05","19","25","31","33","10","11"
"19121","01","02","03","07","17","04","10"
"19120","06","15","17","22","25","01","09"
"19119","03","06","09","23","34","02","11"
"19118","02","03","13","19","26","02","03"
"19117","01","18","21","25","35","07","08"
"19116","02","10","16","21","23","02","12"
"19115","01","18","21","28","32","05","12"
"19114","03","05","07","20","23","04","11"
"19113","03","11","27","34","35","01","02"
"19112","03","10","16","21","33","05","06"
"19111","06","15","20","23","27","08","10"
"19110","01","19","23","24","30","04","05"
"19109","02","07","08","20","25","11","12"
"19108","24","27","28","31","34","04","08"
"19107","05","09","19","27","35","02","03"
"19106","05","08","10","32","35","02","10"
"19105","01","04","09","14","17","01","06"
"19104","02","07","19","22","28","03","05"
"19103","05","12","22","27","32","04","07"
"19102","05","10","15","19","31","03","06"
"19101","05","11","18","19","27","05","06"
"19100","05","08","12","19","21","06","11"
"19099","04","06","18","27","33","07","09"
"19098","13","15","17","19","22","03","04"
"19097","10","17","20","30","35","10","12"
"19096","02","12","22","23","27","02","06"
"19095","03","12","17","19","31","02","06"
"19094","01","12","14","26","27","07","09"
"19093","16","17","26","29","35","01","07"
"19092","02","11","15","27","30","02","05"
"19091","04","13","20","26","28","03","12"
"19090","13","19","28","30","33","02","12"
"19089","09","14","18","33","34","03","12"
"19088","01","05","18","27","33","06","08"
"19087","05","06","18","19","27","07","12"
"19086","05","15","16","28","31","02","07"
"19085","04","05","06","15","26","08","11"
"19084","12","23","25","34","35","01","07"
"19083","17","24","26","28","32","07","09"
"19082","06","18","20","21","31","03","04"
"19081","06","24","26","30","33","02","07"
"19080","05","13","18","19","24","02","07"
"19079","10","13","16","28","35","04","05"
"19078","05","10","21","26","30","01","07"
"19077","01","15","17","21","33","07","10"
"19076","01","06","11","23","29","01","11"
"19075","05","06","07","11","16","02","11"
"19074","08","09","13","14","34","05","07"
"19073","04","11","19","20","24","08","11"
"19072","02","04","06","09","18","07","10"
"19071","07","13","14","15","22","07","11"
"19070","02","13","15","22","34","02","12"
"19069","08","22","23","33","34","04","06"
"19068","04","05","08","17","27","06","11"
"19067","03","08","11","15","16","02","10"
"19066","04","10","11","18","31","05","08"
"19065","03","08","10","23","27","02","12"
"19064","07","08","13","19","29","11","12"
"19063","05","08","15","18","21","04","08"
"19062","05","16","23","25","28","01","12"
"19061","01","02","13","14","26","05","11"
"19060","01","11","12","18","21","08","10"
"19059","07","08","15","27","32","08","12"
"19058","03","10","13","14","32","07","11"
"19057","08","14","16","34","35","06","12"
"19056","01","07","10","12","23","06","08"
"19055","02","04","06","19","22","02","06"
"19054","02","18","23","27","30","05","10"
"19053","01","11","19","26","35","11","12"
"19052","04","10","15","20","24","07","11"
"19051","11","15","16","20","29","04","08"
"19050","04","15","16","20","35","03","12"
"19049","10","16","22","26","27","07","11"
"19048","06","10","16","29","33","05","11"
"19047","03","04","10","16","32","04","09"
"19046","02","08","14","15","35","10","12"
"19045","01","04","16","19","33","03","12"
"19044","03","06","10","12","31","01","02"
"19043","02","06","07","12","15","06","12"
"19042","04","10","13","28","33","11","12"
"19041","12","19","20","22","28","02","06"
"19040","01","03","31","32","34","01","03"
"19039","01","12","18","26","35","06","12"
"19038","05","11","16","18","27","07","12"
"19037","06","16","26","33","35","04","08"
"19036","03","09","21","28","30","01","12"
"19035","01","03","05","07","18","08","09"
"19034","08","12","15","27","30","01","02"
"19033","01","02","04","16","24","07","09"
"19032","01","04","07","11","30","07","08"
"19031","03","08","21","26","33","04","05"
"19030","07","09","13","14","33","02","04"
"19029","01","04","18","24","28","02","03"
"19028","06","22","28","29","33","02","07"
"19027","16","18","24","25","27","02","07"
"19026","10","12","15","17","19","02","03"
"19025","06","13","16","19","29","03","07"
"19024","11","17","19","29","33","08","09"
"19023","01","03","14","26","30","06","11"
"19022","01","04","14","15","21","01","05"
"19021","07","13","17","24","33","01","10"
"19020","01","08","16","27","34","03","12"
"19019","04","11","19","25","32","01","02"
"19018","03","18","19","26","34","06","12"
"19017","01","05","07","22","25","03","04"
"19016","03","05","13","16","28","02","06"
"19015","02","05","10","13","30","04","06"
"19014","12","14","20","28","31","09","11"
"19013","08","10","15","17","18","01","08"
"19012","05","09","17","18","19","07","10"
"19011","04","12","13","16","17","04","09"
"19010","03","07","24","25","27","02","12"
"19009","03","09","15","18","26","06","12"
"19008","03","08","17","20","24","06","11"
"19007","03","12","16","29","32","01","05"
"19006","14","17","19","25","30","04","08"
"19005","21","26","27","29","34","05","06"
"19004","15","16","17","31","32","03","09"
"19003","04","08","18","20","32","10","12"
"19002","02","07","14","22","31","01","07"
"19001","06","18","23","26","28","03","12"
"18154","14","22","23","26","30","03","05"
"18153","03","06","07","08","21","01","08"
"18152","02","04","05","12","28","08","11"
"18151","04","08","18","29","30","03","07"
"18150","05","12","13","31","34","10","12"
"18149","01","07","10","11","20","03","06"
"18148","02","06","24","33","34","02","03"
"18147","01","11","26","33","35","02","10"
"18146","03","08","09","13","33","01","02"
"18145","09","18","29","31","33","06","11"
"18144","06","17","18","24","31","07","11"
"18143","04","07","20","22","33","01","02"
"18142","19","24","28","29","34","10","11"
"18141","03","07","23","26","33","04","09"
"18140","01","06","08","12","15","03","04"
"18139","05","11","16","28","35","06","09"
"18138","01","23","24","28","33","04","05"
"18137","07","10","22","23","33","08","11"
"18136","03","11","12","19","21","05","11"
"18135","14","19","23","27","34","06","12"
"18134","04","05","19","31","35","02","12"
"18133","08","12","14","15","19","01","10"
"18132","03","16","22","23","27","01","04"
"18131","12","14","21","32","33","02","11"
"18130","03","04","16","18","25","01","11"
"18129","04","07","21","22","29","03","06"
"18128","11","12","14","16","26","08","09"
"18127","01","03","04","11","29","08","12"
"18126","11","13","15","21","27","05","06"
"18125","07","16","20","21","34","04","06"
"18124","08","10","12","19","20","10","11"
"18123","06","09","29","32","35","02","04"
"18122","08","09","21","30","31","05","12"
"18121","06","07","21","29","30","01","10"
"18120","21","22","25","27","30","08","09"
"18119","06","09","11","16","35","02","05"
"18118","04","05","14","21","34","06","09"
"18117","07","11","13","22","29","03","08"
"18116","01","14","17","21","33","07","10"
"18115","02","06","13","18","25","01","02"
"18114","12","18","26","28","29","05","06"
"18113","08","12","27","31","33","04","08"
"18112","03","07","08","09","29","09","10"
"18111","03","16","27","28","32","04","05"
"18110","06","19","21","27","28","03","11"
"18109","10","16","23","25","34","02","05"
"18108","09","10","24","31","32","07","12"
"18107","07","08","09","10","22","03","04"
"18106","04","14","17","24","31","01","04"
"18105","01","16","19","20","31","02","07"
"18104","01","13","14","26","28","07","11"
"18103","14","24","26","28","35","02","03"
"18102","06","07","13","22","24","10","12"
"18101","03","14","15","23","29","04","05"
"18100","06","20","21","26","30","06","09"
"18099","12","13","16","20","21","01","07"
"18098","02","15","18","25","27","05","07"
"18097","10","12","14","18","23","01","04"
"18096","13","14","20","28","34","06","10"
"18095","07","14","18","29","35","05","12"
"18094","11","16","25","30","34","08","10"
"18093","03","11","16","18","33","03","11"
"18092","05","07","14","18","19","04","10"
"18091","06","22","26","28","31","01","07"
"18090","06","20","24","33","34","04","11"
"18089","26","27","28","32","34","06","10"
"18088","08","09","21","25","33","01","08"
"18087","03","14","19","23","25","01","04"
"18086","16","22","24","29","31","04","05"
"18085","01","02","14","25","31","05","07"
"18084","06","11","17","22","35","11","12"
"18083","07","12","25","27","28","10","11"
"18082","01","02","14","17","18","08","10"
"18081","02","10","13","21","35","01","12"
"18080","07","16","24","26","31","10","11"
"18079","03","04","10","27","29","01","05"
"18078","07","11","12","22","30","03","06"
"18077","01","06","09","15","26","08","09"
"18076","07","18","28","29","32","06","08"
"18075","01","06","12","20","34","04","12"
"18074","03","09","12","28","30","04","12"
"18073","13","19","24","25","29","02","08"
"18072","05","12","17","24","26","01","02"
"18071","02","05","23","30","31","03","09"
"18070","02","05","10","16","30","04","07"
"18069","01","08","13","21","24","02","11"
"18068","08","12","16","26","33","05","06"
"18067","03","07","12","18","31","07","10"
"18066","01","20","23","32","33","01","04"
"18065","07","10","28","31","32","08","10"
"18064","01","03","04","11","29","02","04"
"18063","05","14","15","32","34","03","10"
"18062","12","14","19","23","35","02","07"
"18061","04","10","12","28","31","08","11"
"18060","04","22","27","29","31","02","10"
"18059","01","09","10","27","35","06","11"
"18058","09","11","12","26","32","04","10"
"18057","13","19","22","27","28","05","06"
"18056","02","04","16","28","34","05","07"
"18055","03","07","20","33","34","09","10"
"18054","09","10","12","20","30","01","07"
"18053","11","16","21","23","25","02","12"
"18052","05","16","18","19","25","02","07"
"18051","09","18","28","29","35","03","11"
"18050","22","24","26","34","35","06","12"
"18049","04","07","09","10","13","06","12"
"18048","02","03","11","20","25","02","07"
"18047","03","08","10","14","20","04","08"
"18046","10","20","22","29","32","05","10"
"18045","02","05","20","30","35","05","09"
"18044","02","04","06","18","21","05","08"
"18043","03","06","13","28","33","04","11"
"18042","03","19","25","29","35","05","09"
"18041","01","23","25","31","33","01","12"
"18040","05","07","18","27","31","01","08"
"18039","02","07","14","29","32","10","11"
"18038","14","23","25","31","32","01","03"
"18037","01","03","27","30","31","02","11"
"18036","11","17","18","21","27","07","08"
"18035","05","07","10","12","24","07","11"
"18034","08","11","22","27","32","03","07"
"18033","02","03","19","23","34","04","09"
"18032","07","10","17","32","35","05","12"
"18031","03","08","13","17","23","05","11"
"18030","05","18","21","28","32","09","11"
"18029","03","09","21","25","29","01","08"
"18028","04","19","25","30","35","04","07"
"18027","01","18","20","21","26","04","11"
"18026","01","02","03","04","30","03","05"
"18025","07","08","09","15","34","07","08"
"18024","02","16","24","30","32","04","07"
"18023","12","13","18","21","29","02","08"
"18022","02","10","19","33","35","05","06"
"18021","05","06","08","09","15","04","11"
"18020","01","10","13","14","21","09","12"
"18019","10","11","19","21","28","05","12"
"18018","06","08","13","24","28","06","12"
"18017","04","19","21","23","31","04","09"
"18016","01","02","12","13","23","09","12"
"18015","04","13","15","18","29","05","11"
"18014","14","16","18","24","31","01","08"
"18013","08","24","31","33","35","07","10"
"18012","03","22","24","29","34","07","11"
"18011","03","13","15","23","26","01","10"
"18010","24","25","26","28","29","04","12"
"18009","10","12","28","30","34","03","04"
"18008","09","15","17","20","22","10","11"
"18007","03","04","28","31","34","04","11"
"18006","19","20","30","32","33","03","05"
"18005","04","09","23","24","30","08","11"
"18004","04","09","22","28","30","01","10"
"18003","04","21","23","24","30","09","10"
"18002","12","20","23","27","34","01","06"
"18001","01","13","22","25","35","03","04"
"17153","01","09","24","26","34","09","12"
"17152","02","04","07","23","28","02","08"
"17151","05","06","23","28","32","04","05"
"17150","03","06","10","13","18","09","11"
"17149","10","18","19","25","26","04","12"
"17148","19","27","31","32","35","11","12"
"17147","05","16","17","25","34","01","11"
"17146","01","05","11","14","35","09","10"
"17145","04","07","17","18","19","03","10"
"17144","03","21","23","29","32","10","11"
"17143","06","09","24","29","32","02","07"
"17142","01","05","16","19","28","02","10"
"17141","02","08","21","22","29","03","05"
"17140","10","16","25","26","29","01","05"
"17139","02","06","19","25","32","09","12"
"17138","04","07","09","20","25","02","11"
"17137","01","20","22","28","29","05","07"
"17136","01","11","20","21","22","03","04"
"17135","01","12","15","19","22","02","04"
"17134","07","18","19","32","34","02","10"
"17133","15","17","19","32","33","01","03"
"17132","11","17","23","26","27","01","10"
"17131","03","05","08","19","34","01","12"
"17130","05","18","28","33","34","03","04"
"17129","05","17","20","32","33","04","09"
"17128","09","11","13","18","33","02","03"
"17127","02","15","18","21","22","03","10"
"17126","03","04","13","24","33","01","11"
"17125","07","11","18","26","28","04","05"
"17124","03","29","30","32","35","03","08"
"17123","03","15","23","26","32","01","12"
"17122","03","12","18","29","34","03","11"
"17121","01","06","12","26","31","01","07"
"17120","08","15","24","26","27","05","06"
"17119","05","07","13","29","35","03","08"
"17118","02","07","16","20","33","03","11"
"17117","05","07","09","24","32","08","10"
"17116","02","27","30","32","33","01","03"
"17115","14","19","20","25","31","06","08"
"17114","06","07","12","18","23","01","12"
"17113","05","08","17","18","23","04","12"
"17112","05","06","20","31","32","06","12"
"17111","02","14","17","26","34","08","12"
"17110","10","14","20","21","35","02","05"
"17109","06","09","19","26","34","05","07"
"17108","01","04","15","21","22","04","09"
"17107","04","10","19","25","27","06","12"
"17106","09","12","18","23","29","02","04"
"17105","04","15","22","24","32","02","09"
"17104","09","11","22","27","30","09","11"
"17103","04","19","20","24","29","03","04"
"17102","01","12","23","24","29","08","12"
"17101","05","15","21","25","29","05","08"
"17100","02","05","18","19","31","01","09"
"17099","08","09","17","18","24","03","07"
"17098","06","09","17","30","35","10","11"
"17097","07","14","19","22","34","07","12"
"17096","03","07","09","17","28","04","12"
"17095","15","32","33","34","35","03","12"
"17094","03","05","08","29","33","04","08"
"17093","05","06","17","21","29","02","04"
"17092","03","07","09","17","34","04","05"
"17091","01","05","07","16","19","03","12"
"17090","03","06","15","22","35","09","11"
"17089","03","05","06","15","18","03","10"
"17088","05","28","31","34","35","08","09"
"17087","03","14","21","29","35","02","06"
"17086","12","15","18","22","31","01","08"
"17085","09","13","14","25","30","02","05"
"17084","06","11","14","21","31","09","12"
"17083","02","05","14","22","34","03","09"
"17082","05","13","20","21","25","08","09"
"17081","02","12","15","20","34","01","06"
"17080","08","10","21","30","31","02","05"
"17079","01","17","19","32","33","02","11"
"17078","04","05","27","31","34","03","06"
"17077","01","03","04","25","31","06","09"
"17076","02","07","25","30","35","07","12"
"17075","05","11","16","18","35","01","06"
"17074","08","10","11","13","17","08","11"
"17073","07","18","28","31","33","01","02"
"17072","01","03","29","32","34","02","05"
"17071","01","04","11","14","33","05","07"
"17070","06","16","18","26","30","02","03"
"17069","10","16","20","23","32","08","11"
"17068","07","08","19","24","27","06","07"
"17067","10","17","18","32","35","10","11"
"17066","11","15","23","26","30","02","11"
"17065","05","11","12","19","28","05","12"
"17064","01","08","20","27","30","03","04"
"17063","18","21","22","24","29","05","11"
"17062","01","04","06","08","28","08","12"
"17061","10","19","23","25","30","02","04"
"17060","09","15","20","26","31","05","12"
"17059","08","11","13","15","17","03","10"
"17058","14","18","20","21","28","03","06"
"17057","12","16","19","23","24","02","05"
"17056","01","04","24","27","32","03","10"
"17055","19","20","22","30","33","03","09"
"17054","16","29","30","32","33","04","05"
"17053","06","19","20","22","26","01","11"
"17052","03","19","24","28","33","04","12"
"17051","14","17","18","22","29","10","11"
"17050","12","14","17","20","28","02","06"
"17049","09","12","14","22","31","05","08"
"17048","07","09","13","15","19","03","10"
"17047","15","19","32","33","34","09","12"
"17046","04","17","20","23","30","02","03"
"17045","01","08","11","21","35","09","12"
"17044","11","16","17","18","25","02","09"
"17043","06","13","22","25","35","09","12"
"17042","02","17","31","33","34","01","07"
"17041","02","04","06","25","31","05","09"
"17040","04","06","10","23","29","09","11"
"17039","05","06","14","17","26","03","08"
"17038","04","05","13","18","27","03","09"
"17037","13","15","16","32","34","06","11"
"17036","01","04","09","18","33","02","05"
"17035","14","17","22","30","33","07","12"
"17034","06","12","21","26","29","02","11"
"17033","15","22","23","25","34","05","11"
"17032","02","13","14","18","29","03","09"
"17031","02","16","17","30","32","02","09"
"17030","21","22","24","29","34","05","06"
"17029","01","06","14","17","29","01","11"
"17028","06","18","22","23","33","09","11"
"17027","08","17","25","33","34","03","11"
"17026","10","14","19","25","32","02","07"
"17025","10","16","19","20","34","04","05"
"17024","21","23","29","32","35","11","12"
"17023","05","08","12","24","34","07","10"
"17022","02","03","09","17","24","06","12"
"17021","01","15","17","20","26","06","08"
"17020","16","21","24","27","28","04","07"
"17019","02","06","14","23","25","02","10"
"17018","06","07","10","17","23","01","09"
"17017","04","19","24","26","29","04","06"
"17016","03","13","28","30","33","09","10"
"17015","01","07","19","27","34","01","02"
"17014","04","08","15","24","25","02","05"
"17013","05","12","17","30","34","11","12"
"17012","04","05","24","26","35","07","12"
"17011","05","15","21","29","34","06","09"
"17010","04","10","13","18","35","01","02"
"17009","05","06","08","12","22","03","04"
"17008","03","04","09","25","32","02","04"
"17007","08","11","17","25","27","02","04"
"17006","04","06","23","32","33","05","06"
"17005","05","09","20","26","35","02","11"
"17004","05","08","11","28","31","06","07"
"17003","03","05","06","13","22","09","12"
"17002","07","12","14","31","34","09","11"
"17001","07","09","20","31","33","08","10"
"16154","06","16","17","21","29","04","06"
"16153","13","18","25","29","35","03","11"
"16152","08","17","22","24","30","05","11"
"16151","04","07","11","14","21","05","12"
"16150","01","10","18","24","29","07","10"
"16149","01","02","03","12","33","04","09"
"16148","05","14","15","23","25","06","08"
"16147","07","19","20","28","30","04","12"
"16146","21","22","25","29","34","01","11"
"16145","01","09","11","17","28","03","08"
"16144","04","05","13","22","31","05","10"
"16143","04","06","22","27","31","06","07"
"16142","01","06","17","23","26","06","12"
"16141","02","06","07","19","28","11","12"
"16140","12","16","23","29","34","04","11"
"16139","13","21","30","31","35","01","08"
"16138","12","13","16","29","35","05","11"
"16137","07","20","23","29","34","02","10"
"16136","05","06","07","19","23","04","11"
"16135","01","10","12","18","35","01","12"
"16134","01","03","31","32","34","02","07"
"16133","01","04","05","23","28","05","09"
"16132","04","18","19","22","35","01","02"
"16131","06","13","25","28","30","02","07"
"16130","11","23","32","33","34","01","12"
"16129","07","08","19","30","35","08","09"
"16128","17","20","22","30","33","07","08"
"16127","01","05","15","24","26","09","10"
"16126","11","13","16","19","24","06","08"
"16125","06","07","08","28","30","01","02"
"16124","04","13","24","26","29","08","11"
"16123","04","05","13","20","32","01","10"
"16122","01","03","12","14","29","02","06"
"16121","04","05","08","15","20","01","06"
"16120","03","10","20","32","34","04","07"
"16119","02","03","09","21","22","05","10"
"16118","12","15","18","24","29","03","11"
"16117","03","09","14","16","23","02","09"
"16116","04","06","08","19","34","10","12"
"16115","01","04","15","31","34","02","11"
"16114","16","17","20","32","33","03","07"
"16113","10","11","17","30","34","03","12"
"16112","07","22","23","31","32","04","05"
"16111","04","09","22","26","27","02","12"
"16110","07","20","21","23","30","07","10"
"16109","03","25","28","31","34","11","12"
"16108","10","17","22","23","25","07","09"
"16107","02","06","19","24","26","04","06"
"16106","03","21","30","33","35","01","04"
"16105","08","11","31","34","35","01","02"
"16104","01","20","22","23","30","06","07"
"16103","05","14","20","23","29","03","11"
"16102","03","05","06","34","35","03","12"
"16101","04","06","28","33","35","07","12"
"16100","08","12","19","26","30","02","12"
"16099","03","04","12","14","27","01","05"
"16098","08","09","11","20","29","04","05"
"16097","06","08","18","31","33","10","12"
"16096","01","06","08","12","21","05","10"
"16095","08","12","18","19","21","03","06"
"16094","01","14","16","17","18","05","07"
"16093","01","08","14","30","35","06","07"
"16092","02","13","31","33","34","07","11"
"16091","08","13","17","21","22","02","08"
"16090","04","06","08","28","32","07","12"
"16089","07","14","17","28","34","07","10"
"16088","04","06","17","21","30","06","11"
"16087","03","16","17","23","25","07","09"
"16086","03","05","22","25","30","07","09"
"16085","14","15","27","31","32","01","07"
"16084","08","12","15","26","35","01","08"
"16083","01","05","09","33","35","01","05"
"16082","03","08","23","28","29","02","07"
"16081","06","07","18","21","33","03","08"
"16080","15","20","29","30","33","07","12"
"16079","07","14","15","20","27","05","10"
"16078","07","18","29","31","35","05","11"
"16077","09","11","14","16","35","02","05"
"16076","03","08","10","17","31","05","06"
"16075","03","07","17","22","31","08","12"
"16074","01","05","07","11","14","03","08"
"16073","07","14","17","24","27","08","10"
"16072","16","20","24","26","31","04","09"
"16071","08","15","19","20","33","07","12"
"16070","02","09","13","19","23","05","07"
"16069","14","17","19","23","30","02","09"
"16068","05","07","22","26","34","07","12"
"16067","02","08","11","13","19","02","08"
"16066","10","28","29","31","33","05","11"
"16065","01","09","18","22","24","11","12"
"16064","01","02","10","18","35","05","11"
"16063","08","12","22","27","35","05","09"
"16062","02","10","14","15","35","01","09"
"16061","09","15","17","21","23","07","12"
"16060","02","06","22","27","34","08","11"
"16059","02","10","27","28","33","05","07"
"16058","02","15","17","23","28","05","09"
"16057","08","17","19","23","30","03","08"
"16056","10","12","14","31","35","04","05"
"16055","06","21","27","30","34","04","09"
"16054","02","05","09","21","30","06","07"
"16053","04","13","15","30","35","03","05"
"16052","08","14","19","20","33","10","11"
"16051","16","21","23","24","32","07","08"
"16050","07","17","21","29","35","04","05"
"16049","03","04","05","27","33","04","09"
"16048","04","12","17","25","27","04","10"
"16047","02","03","23","29","32","05","09"
"16046","03","19","22","32","34","08","12"
"16045","07","11","25","30","33","02","08"
"16044","01","06","10","20","31","05","11"
"16043","01","09","16","33","34","09","12"
"16042","02","06","08","19","24","01","06"
"16041","12","23","24","27","34","03","06"
"16040","20","22","29","30","35","01","06"
"16039","01","08","16","22","28","04","05"
"16038","03","07","09","15","33","05","12"
"16037","03","05","13","24","34","03","05"
"16036","07","15","26","30","31","03","06"
"16035","17","22","24","25","29","09","12"
"16034","14","18","31","32","35","09","10"
"16033","03","14","15","31","35","09","10"
"16032","05","09","14","20","33","05","12"
"16031","03","14","24","27","29","04","11"
"16030","10","19","21","29","33","04","06"
"16029","20","26","27","29","32","05","12"
"16028","13","18","20","23","31","03","06"
"16027","06","11","13","15","28","02","06"
"16026","02","06","29","30","34","01","07"
"16025","03","06","13","23","24","07","10"
"16024","01","02","11","15","18","04","08"
"16023","04","09","14","25","27","06","11"
"16022","04","18","21","30","35","02","11"
"16021","01","04","09","10","35","09","11"
"16020","01","16","22","29","30","02","09"
"16019","04","11","15","20","26","08","09"
"16018","05","10","13","27","33","08","11"
"16017","11","18","24","28","29","05","10"
"16016","03","10","22","29","32","02","05"
"16015","01","04","10","13","30","03","09"
"16014","06","08","21","24","27","02","10"
"16013","03","21","23","31","35","02","11"
"16012","05","07","11","23","28","03","12"
"16011","02","08","10","15","23","05","10"
"16010","12","13","15","16","28","02","05"
"16009","05","08","10","17","20","02","12"
"16008","05","12","31","34","35","04","05"
"16007","02","05","14","32","35","01","03"
"16006","14","16","17","22","24","02","09"
"16005","06","09","12","15","20","08","11"
"16004","10","20","23","32","35","09","10"
"16003","04","12","17","22","26","06","07"
"16002","07","12","18","25","35","07","09"
"16001","01","07","19","20","30","05","10"
"15153","01","07","22","27","33","02","11"
"15152","04","05","22","29","35","02","11"
"15151","15","16","18","30","35","01","07"
"15150","04","13","18","25","33","03","07"
"15149","04","06","10","12","28","02","08"
"15148","08","11","27","31","33","08","09"
"15147","01","02","13","18","19","08","10"
"15146","04","15","19","27","31","04","11"
"15145","06","07","20","29","32","11","12"
"15144","01","09","24","26","29","06","11"
"15143","09","20","31","33","35","10","11"
"15142","12","14","22","26","30","03","06"
"15141","02","04","15","19","31","02","03"
"15140","01","11","15","26","35","06","11"
"15139","02","03","05","25","32","05","07"
"15138","01","16","20","29","32","04","07"
"15137","14","17","21","23","26","08","11"
"15136","05","20","23","29","32","02","10"
"15135","05","16","20","25","29","06","08"
"15134","01","02","06","15","35","04","07"
"15133","03","07","08","25","30","04","08"
"15132","03","08","14","18","27","01","05"
"15131","11","17","19","20","27","02","03"
"15130","17","25","31","32","34","02","12"
"15129","01","06","23","25","29","03","09"
"15128","10","12","23","30","32","03","04"
"15127","09","11","14","19","30","03","08"
"15126","04","05","08","09","21","03","06"
"15125","02","03","15","17","28","08","10"
"15124","04","06","12","31","32","03","06"
"15123","04","15","27","29","30","02","10"
"15122","11","13","15","26","35","06","11"
"15121","02","04","17","27","28","04","06"
"15120","01","09","15","24","32","05","10"
"15119","01","08","12","16","21","06","11"
"15118","03","07","20","24","31","04","09"
"15117","06","17","20","30","33","10","11"
"15116","07","10","19","24","33","03","07"
"15115","08","12","13","14","16","03","09"
"15114","09","18","24","31","34","02","10"
"15113","01","14","21","29","33","02","10"
"15112","04","05","15","19","28","04","11"
"15111","07","08","16","24","28","03","10"
"15110","02","07","10","22","30","07","11"
"15109","01","06","11","22","31","03","12"
"15108","01","13","16","26","31","07","12"
"15107","03","23","25","28","29","06","07"
"15106","02","11","13","22","30","02","03"
"15105","08","09","15","21","27","05","09"
"15104","16","19","25","30","34","04","09"
"15103","07","09","15","25","34","04","10"
"15102","11","14","15","33","34","03","12"
"15101","06","12","17","18","32","07","12"
"15100","09","15","18","23","32","05","07"
"15099","09","12","14","22","25","05","10"
"15098","09","14","21","27","33","06","09"
"15097","04","16","17","26","27","01","04"
"15096","03","09","12","18","21","02","06"
"15095","08","14","26","34","35","05","10"
"15094","02","03","10","11","29","03","07"
"15093","16","17","25","26","27","02","04"
"15092","02","14","21","27","34","05","08"
"15091","02","07","28","29","30","03","07"
"15090","06","09","11","17","21","06","08"
"15089","05","12","18","20","27","10","12"
"15088","05","15","28","31","34","11","12"
"15087","02","05","15","17","22","01","11"
"15086","05","09","11","15","32","04","09"
"15085","02","03","04","06","16","03","12"
"15084","10","20","21","32","34","06","07"
"15083","14","16","19","25","29","10","12"
"15082","08","15","28","31","33","03","06"
"15081","03","04","10","13","17","05","09"
"15080","14","20","29","30","32","03","08"
"15079","01","09","17","23","24","04","05"
"15078","19","24","26","28","33","01","02"
"15077","01","16","17","22","28","02","09"
"15076","03","19","21","31","34","05","12"
"15075","13","14","26","27","33","10","12"
"15074","01","12","21","27","33","04","09"
"15073","09","26","27","30","34","01","06"
"15072","19","20","21","31","33","09","10"
"15071","04","06","13","16","34","04","10"
"15070","03","09","12","17","18","04","12"
"15069","02","09","11","22","25","01","07"
"15068","02","03","20","31","35","04","08"
"15067","04","10","18","24","27","04","11"
"15066","01","03","07","13","29","02","10"
"15065","04","05","07","13","35","08","11"
"15064","02","08","20","28","31","07","10"
"15063","01","04","06","34","35","02","04"
"15062","06","07","13","14","15","01","04"
"15061","06","07","08","16","22","02","10"
"15060","16","24","25","26","33","04","11"
"15059","07","09","19","23","32","01","03"
"15058","10","14","20","27","30","07","12"
"15057","01","05","07","14","26","04","06"
"15056","06","12","19","26","35","03","10"
"15055","06","11","14","20","30","05","10"
"15054","02","09","15","24","34","03","09"
"15053","08","25","28","29","32","04","07"
"15052","13","19","24","27","29","07","08"
"15051","01","02","11","16","21","01","05"
"15050","06","07","10","20","28","02","07"
"15049","08","09","11","15","22","08","10"
"15048","10","11","22","24","33","02","09"
"15047","01","02","17","23","31","05","12"
"15046","05","07","10","22","26","04","10"
"15045","08","09","22","29","30","08","12"
"15044","16","18","27","31","33","01","03"
"15043","02","20","22","25","29","02","07"
"15042","03","07","12","17","24","02","11"
"15041","01","11","21","23","28","01","10"
"15040","02","09","10","23","35","09","12"
"15039","03","06","07","16","25","01","06"
"15038","12","19","22","31","35","07","08"
"15037","10","16","21","28","31","07","08"
"15036","14","18","20","23","24","04","08"
"15035","22","24","29","30","35","01","10"
"15034","04","08","15","18","26","05","09"
"15033","03","17","22","26","28","03","07"
"15032","06","21","25","27","30","07","11"
"15031","07","21","29","32","33","04","12"
"15030","09","18","19","26","31","02","05"
"15029","07","10","19","30","35","03","05"
"15028","03","09","28","32","33","09","10"
"15027","05","21","22","25","28","03","10"
"15026","11","13","14","15","22","02","08"
"15025","07","10","20","22","27","10","11"
"15024","02","06","08","16","34","03","04"
"15023","06","09","11","12","22","03","11"
"15022","09","11","14","15","26","11","12"
"15021","22","23","24","26","31","05","06"
"15020","11","26","28","29","32","01","04"
"15019","02","08","16","22","24","01","03"
"15018","04","07","10","23","31","03","07"
"15017","07","13","16","17","29","01","07"
"15016","06","07","16","20","34","09","11"
"15015","01","05","13","17","32","04","11"
"15014","08","16","25","29","35","03","10"
"15013","11","15","25","28","35","07","10"
"15012","03","04","06","11","31","05","09"
"15011","04","13","22","25","30","01","06"
"15010","02","06","17","30","35","02","07"
"15009","17","22","26","27","33","06","10"
"15008","07","10","11","15","17","03","10"
"15007","02","07","08","14","31","04","08"
"15006","06","08","30","32","33","03","07"
"15005","11","14","15","18","19","07","08"
"15004","03","12","14","18","28","05","06"
"15003","12","19","27","28","34","01","12"
"15002","03","14","20","26","32","06","10"
"15001","08","09","19","27","30","06","07"
"14154","05","12","17","23","28","02","09"
"14153","01","08","13","24","32","05","10"
"14152","05","12","18","24","33","01","05"
"14151","03","08","26","31","32","08","12"
"14150","19","21","30","33","35","05","07"
"14149","02","13","19","26","35","01","05"
"14148","03","09","10","11","20","07","09"
"14147","05","09","14","26","34","02","09"
"14146","02","16","23","24","28","10","11"
"14145","15","19","22","24","26","10","11"
"14144","01","21","24","25","35","04","11"
"14143","01","11","14","18","25","06","10"
"14142","18","21","25","28","30","04","06"
"14141","04","17","20","26","29","05","08"
"14140","01","19","20","25","34","07","12"
"14139","03","05","07","15","34","01","10"
"14138","01","07","29","32","34","09","12"
"14137","02","11","16","22","34","02","05"
"14136","04","18","20","34","35","07","11"
"14135","20","26","28","30","35","09","12"
"14134","02","05","07","11","32","09","12"
"14133","02","08","12","14","18","04","12"
"14132","01","03","04","19","32","01","07"
"14131","03","16","19","23","27","03","07"
"14130","02","18","31","32","33","05","07"
"14129","07","22","28","30","32","05","06"
"14128","02","04","16","22","34","08","11"
"14127","02","04","06","15","19","02","11"
"14126","02","09","22","30","34","09","10"
"14125","12","15","19","23","31","04","10"
"14124","01","03","28","29","35","08","12"
"14123","01","09","12","22","25","02","09"
"14122","03","10","25","26","35","01","07"
"14121","13","16","18","22","32","08","10"
"14120","01","04","06","18","33","05","11"
"14119","04","08","09","13","18","08","12"
"14118","02","03","23","24","26","05","11"
"14117","03","14","17","18","33","06","09"
"14116","06","13","15","24","27","04","05"
"14115","01","05","26","29","30","02","10"
"14114","03","16","24","30","33","05","08"
"14113","02","13","17","19","23","01","06"
"14112","03","05","14","18","32","02","10"
"14111","11","16","18","20","29","03","04"
"14110","09","18","19","22","24","08","11"
"14109","15","18","20","21","23","01","02"
"14108","01","02","13","23","35","09","12"
"14107","05","13","14","21","34","08","10"
"14106","05","09","11","20","22","05","11"
"14105","04","10","26","29","32","04","08"
"14104","07","13","14","28","32","04","11"
"14103","14","20","23","25","26","10","12"
"14102","01","07","14","19","20","03","12"
"14101","09","10","12","17","28","03","11"
"14100","02","04","08","12","35","01","07"
"14099","15","21","22","23","33","01","07"
"14098","16","18","22","25","35","03","10"
"14097","03","15","20","21","23","07","09"
"14096","03","07","21","23","31","05","10"
"14095","06","22","30","31","34","05","06"
"14094","13","14","24","25","34","04","07"
"14093","03","08","30","32","34","09","11"
"14092","02","18","27","30","32","05","11"
"14091","10","16","18","29","32","02","07"
"14090","02","03","20","23","28","06","08"
"14089","02","08","12","29","30","07","12"
"14088","07","13","20","25","26","08","11"
"14087","04","07","31","33","35","09","10"
"14086","06","08","27","29","35","03","09"
"14085","06","12","13","25","29","11","12"
"14084","02","07","09","11","28","05","09"
"14083","18","20","24","33","35","05","10"
"14082","01","08","18","23","25","08","12"
"14081","03","05","08","10","25","09","12"
"14080","17","20","23","25","27","03","10"
"14079","09","10","20","31","32","06","10"
"14078","10","15","16","22","28","04","05"
"14077","09","16","26","31","32","01","05"
"14076","05","10","19","31","32","09","10"
"14075","05","07","29","32","35","04","10"
"14074","06","11","22","27","30","05","11"
"14073","04","05","07","13","35","05","06"
"14072","17","19","22","24","30","02","09"
"14071","04","14","15","22","23","01","07"
"14070","01","02","07","10","32","04","12"
"14069","16","22","27","29","31","02","09"
"14068","05","15","24","29","35","05","06"
"14067","03","18","23","24","31","03","07"
"14066","08","14","16","20","31","03","11"
"14065","07","12","19","31","33","07","12"
"14064","08","15","33","34","35","01","08"
"14063","11","17","21","23","34","03","04"
"14062","04","07","17","24","25","02","04"
"14061","04","11","17","20","29","06","10"
"14060","12","22","29","30","34","05","11"
"14059","07","15","17","25","29","04","11"
"14058","09","15","22","24","26","02","07"
"14057","08","10","20","27","33","01","09"
"14056","12","18","28","29","35","07","08"
"14055","04","23","26","27","35","10","11"
"14054","02","03","20","25","34","01","12"
"14053","02","11","17","27","30","03","04"
"14052","14","19","21","24","30","02","07"
"14051","01","07","11","29","30","03","11"
"14050","10","18","27","28","35","01","06"
"14049","03","15","17","22","31","03","05"
"14048","01","02","05","15","35","01","11"
"14047","06","17","18","30","34","06","12"
"14046","03","15","18","21","26","01","06"
"14045","06","10","12","16","30","02","11"
"14044","22","23","25","27","35","03","11"
"14043","01","11","23","29","30","01","12"
"14042","16","21","25","27","35","06","11"
"14041","05","07","11","15","18","05","12"
"14040","12","15","21","30","33","02","08"
"14039","02","05","11","15","20","08","11"
"14038","07","08","12","20","32","03","05"
"14037","03","04","08","19","34","02","04"
"14036","01","02","12","17","29","03","08"
"14035","09","12","14","28","29","03","10"
"14034","03","11","14","27","32","05","07"
"14033","01","07","08","28","29","04","08"
"14032","02","05","06","09","31","02","09"
"14031","06","15","27","32","33","03","04"
"14030","03","14","18","29","35","11","12"
"14029","03","21","22","23","35","05","09"
"14028","03","10","20","25","30","10","12"
"14027","09","10","24","28","29","10","12"
"14026","05","10","12","15","26","04","08"
"14025","19","20","27","32","34","06","08"
"14024","07","11","15","31","32","06","11"
"14023","04","13","15","29","33","05","09"
"14022","03","06","10","16","25","10","11"
"14021","06","10","17","23","24","03","09"
"14020","01","14","17","30","35","06","07"
"14019","07","12","22","29","32","11","12"
"14018","08","09","12","28","34","02","12"
"14017","05","10","11","23","34","01","10"
"14016","04","06","13","24","34","04","09"
"14015","04","06","18","20","30","05","07"
"14014","01","09","11","27","29","03","11"
"14013","10","11","13","22","28","04","12"
"14012","09","20","21","23","29","05","07"
"14011","04","06","14","24","35","07","12"
"14010","05","10","20","26","27","01","03"
"14009","10","18","25","29","33","07","08"
"14008","11","13","20","28","35","01","05"
"14007","08","11","14","21","32","03","11"
"14006","01","04","07","16","35","06","08"
"14005","15","17","18","29","33","04","08"
"14004","07","10","19","27","28","09","12"
"14003","07","11","13","21","33","05","06"
"14002","01","12","21","24","29","01","07"
"14001","05","13","20","23","29","08","11"
"13153","04","05","16","17","30","03","09"
"13152","09","12","14","18","19","03","09"
"13151","02","13","21","27","30","03","04"
"13150","06","07","14","18","22","08","11"
"13149","06","07","08","09","13","05","07"
"13148","02","05","09","29","32","03","07"
"13147","03","09","22","24","25","05","09"
"13146","06","07","15","25","31","01","09"
"13145","02","13","15","18","20","02","11"
"13144","03","20","21","23","35","02","08"
"13143","03","08","14","21","31","06","08"
"13142","06","11","25","28","29","04","12"
"13141","05","15","18","25","31","08","10"
"13140","01","12","17","26","28","01","06"
"13139","05","06","18","20","31","06","07"
"13138","03","08","13","17","24","07","09"
"13137","04","12","32","33","34","06","08"
"13136","05","11","15","25","28","05","11"
"13135","04","13","19","25","26","07","12"
"13134","02","13","19","23","32","02","09"
"13133","02","08","10","16","17","09","12"
"13132","23","26","28","31","34","02","10"
"13131","12","15","29","30","31","04","12"
"13130","08","09","15","19","30","06","09"
"13129","11","23","29","30","33","01","04"
"13128","11","13","27","33","35","01","02"
"13127","03","14","16","19","32","05","10"
"13126","09","10","15","18","30","03","06"
"13125","04","08","14","23","28","04","08"
"13124","05","07","18","21","32","10","11"
"13123","02","09","10","33","34","05","12"
"13122","15","17","20","24","35","04","12"
"13121","03","18","19","20","24","03","12"
"13120","06","14","15","22","26","03","11"
"13119","01","02","16","23","35","01","11"
"13118","04","06","11","20","31","01","05"
"13117","05","16","23","25","33","07","12"
"13116","13","22","23","30","33","09","11"
"13115","05","16","29","32","34","04","11"
"13114","06","17","21","23","33","01","09"
"13113","19","21","23","28","30","08","12"
"13112","02","10","20","22","29","05","12"
"13111","07","12","13","20","27","01","03"
"13110","07","16","18","32","33","02","07"
"13109","13","20","26","29","32","02","06"
"13108","05","10","13","15","18","02","11"
"13107","07","13","14","18","25","05","12"
"13106","06","07","12","13","27","03","12"
"13105","07","13","27","30","34","01","12"
"13104","02","05","11","27","29","01","11"
"13103","05","08","13","16","31","03","09"
"13102","06","12","15","19","26","02","11"
"13101","04","09","13","15","32","02","09"
"13100","09","12","24","26","30","05","09"
"13099","04","11","28","30","33","05","12"
"13098","02","06","16","29","34","10","11"
"13097","07","08","13","17","32","03","08"
"13096","17","19","20","22","26","06","08"
"13095","03","17","28","30","33","01","10"
"13094","03","28","33","34","35","06","09"
"13093","01","05","17","18","26","05","07"
"13092","07","10","21","27","33","03","09"
"13091","04","09","28","34","35","02","08"
"13090","02","26","30","31","33","11","12"
"13089","06","07","23","24","29","04","11"
"13088","03","05","08","33","35","01","03"
"13087","09","12","22","32","34","02","04"
"13086","09","16","26","29","31","06","09"
"13085","08","19","23","27","32","03","05"
"13084","08","22","26","29","35","01","05"
"13083","26","29","30","32","35","04","10"
"13082","03","09","25","26","33","03","12"
"13081","07","09","15","17","23","02","07"
"13080","06","21","23","27","31","04","06"
"13079","09","10","17","21","34","01","07"
"13078","02","07","23","31","33","02","08"
"13077","24","26","30","32","35","06","12"
"13076","13","15","16","26","27","09","10"
"13075","01","11","13","19","35","07","08"
"13074","06","14","20","24","32","01","07"
"13073","03","05","23","27","31","02","06"
"13072","12","27","28","33","35","03","05"
"13071","13","19","26","27","28","03","11"
"13070","09","12","18","21","29","01","08"
"13069","06","12","13","16","30","07","12"
"13068","10","17","27","34","35","05","07"
"13067","02","03","05","08","29","10","12"
"13066","06","07","13","33","34","02","11"
"13065","09","28","31","34","35","02","09"
"13064","21","24","26","28","32","01","03"
"13063","03","05","11","27","28","05","06"
"13062","01","05","08","09","12","09","12"
"13061","01","14","18","21","32","05","10"
"13060","15","25","26","32","35","05","10"
"13059","03","08","11","24","27","07","12"
"13058","20","21","27","31","35","07","11"
"13057","07","15","27","33","35","07","10"
"13056","11","22","30","32","35","03","04"
"13055","04","05","22","23","24","03","09"
"13054","05","08","21","30","32","01","08"
"13053","13","31","33","34","35","05","07"
"13052","01","02","10","29","31","01","10"
"13051","05","08","15","18","33","07","08"
"13050","14","22","30","32","33","07","08"
"13049","18","22","25","31","32","04","06"
"13048","10","11","23","32","33","01","04"
"13047","12","20","28","30","35","03","11"
"13046","15","16","19","25","32","05","11"
"13045","08","11","12","21","25","02","07"
"13044","07","11","13","18","28","05","10"
"13043","07","13","25","34","35","07","09"
"13042","02","06","22","23","33","01","06"
"13041","03","13","14","15","34","05","08"
"13040","16","17","22","26","35","03","10"
"13039","06","23","30","33","35","07","10"
"13038","01","19","24","25","26","07","09"
"13037","02","26","31","32","34","06","08"
"13036","08","12","32","33","35","03","05"
"13035","05","14","28","32","34","07","08"
"13034","01","03","11","19","29","04","08"
"13033","12","18","22","28","31","01","11"
"13032","12","27","28","33","35","01","08"
"13031","12","17","18","26","32","10","11"
"13030","03","05","09","10","28","05","07"
"13029","05","07","17","25","26","04","10"
"13028","13","19","28","30","34","08","12"
"13027","03","12","14","24","35","03","08"
"13026","02","10","16","30","33","05","06"
"13025","03","23","25","26","28","10","12"
"13024","09","12","14","18","24","01","04"
"13023","05","19","24","26","35","05","07"
"13022","03","04","13","17","23","03","08"
"13021","23","24","28","30","33","01","11"
"13020","06","11","20","31","32","05","09"
"13019","06","12","17","29","30","07","11"
"13018","20","23","31","33","34","03","09"
"13017","11","14","22","29","34","05","11"
"13016","05","15","19","27","32","08","09"
"13015","14","15","26","32","33","01","11"
"13014","05","08","25","29","31","02","04"
"13013","13","15","29","30","35","01","11"
"13012","01","14","31","32","34","02","11"
"13011","01","02","08","15","23","06","09"
"13010","09","15","17","18","29","09","11"
"13009","10","17","19","27","29","05","12"
"13008","02","07","25","29","34","03","06"
"13007","14","29","32","33","34","03","06"
"13006","08","20","25","31","32","05","07"
"13005","18","22","26","28","31","10","12"
"13004","07","08","12","20","25","03","07"
"13003","01","16","18","21","31","09","12"
"13002","04","20","27","31","32","06","12"
"13001","06","09","11","31","32","05","11"
"12154","03","26","27","31","32","03","09"
"12153","08","09","10","13","22","05","10"
"12152","04","17","26","33","34","02","08"
"12151","03","19","20","24","33","03","04"
"12150","02","14","18","24","31","02","03"
"12149","02","10","23","33","34","05","10"
"12148","04","16","27","29","34","06","11"
"12147","02","03","17","19","33","02","09"
"12146","01","10","13","17","26","06","08"
"12145","05","22","31","33","35","06","09"
"12144","11","13","14","21","29","01","10"
"12143","09","27","29","30","31","03","06"
"12142","15","19","29","34","35","07","10"
"12141","03","11","19","23","34","02","12"
"12140","07","17","27","28","29","09","10"
"12139","09","10","12","22","25","04","11"
"12138","13","17","27","31","33","06","12"
"12137","03","12","20","21","27","01","06"
"12136","02","23","29","30","31","01","04"
"12135","03","05","17","18","33","06","07"
"12134","01","06","18","32","35","02","07"
"12133","05","07","13","29","30","01","05"
"12132","05","08","21","25","33","01","11"
"12131","02","16","18","27","30","08","12"
"12130","14","19","23","29","30","06","07"
"12129","01","07","21","28","31","03","09"
"12128","09","10","19","30","31","04","11"
"12127","12","13","14","25","35","10","12"
"12126","13","14","21","28","29","05","10"
"12125","06","14","17","22","35","01","02"
"12124","07","11","19","20","35","05","10"
"12123","05","08","18","30","33","01","09"
"12122","23","24","25","29","31","03","12"
"12121","07","18","20","29","30","05","06"
"12120","02","10","21","23","29","03","04"
"12119","05","06","09","19","32","06","09"
"12118","05","17","25","30","33","01","12"
"12117","01","12","18","21","33","07","08"
"12116","01","11","18","20","22","07","10"
"12115","01","06","13","19","23","06","09"
"12114","03","06","21","33","35","01","07"
"12113","03","10","22","27","29","03","12"
"12112","01","02","28","31","35","05","07"
"12111","01","24","25","30","33","04","11"
"12110","01","11","17","19","26","05","12"
"12109","01","22","30","32","35","09","11"
"12108","06","07","12","24","35","02","06"
"12107","04","07","09","22","33","01","03"
"12106","15","23","25","29","31","09","10"
"12105","05","06","14","15","31","06","08"
"12104","16","18","24","25","27","04","09"
"12103","02","09","18","23","24","01","04"
"12102","02","04","06","13","35","04","08"
"12101","02","05","08","09","31","03","07"
"12100","07","09","13","19","27","01","03"
"12099","12","18","24","25","32","02","12"
"12098","02","11","28","29","30","06","12"
"12097","09","17","24","29","32","01","02"
"12096","05","10","19","24","35","08","09"
"12095","06","09","22","27","30","08","12"
"12094","02","14","23","32","35","01","10"
"12093","02","16","21","31","33","04","11"
"12092","08","09","23","25","31","02","12"
"12091","03","10","28","31","33","01","09"
"12090","02","21","27","29","33","02","10"
"12089","06","12","21","29","32","06","11"
"12088","13","17","24","30","35","02","10"
"12087","01","06","07","21","31","04","11"
"12086","03","20","25","29","32","05","10"
"12085","07","18","29","31","33","10","12"
"12084","21","24","27","29","31","01","02"
"12083","16","19","28","29","31","05","08"
"12082","02","04","09","10","15","08","10"
"12081","10","16","17","30","35","01","08"
"12080","11","12","14","25","28","02","05"
"12079","01","05","25","32","33","01","10"
"12078","01","02","23","25","35","05","12"
"12077","10","30","32","33","34","02","03"
"12076","02","14","16","22","24","02","05"
"12075","07","09","10","18","22","05","10"
"12074","10","22","23","30","32","01","07"
"12073","18","23","29","33","34","02","07"
"12072","04","08","17","22","25","04","10"
"12071","13","23","29","31","34","06","08"
"12070","09","22","23","32","34","06","08"
"12069","02","04","22","25","34","02","11"
"12068","01","21","31","32","35","03","06"
"12067","20","22","27","30","33","01","02"
"12066","01","20","25","29","33","04","06"
"12065","10","22","28","29","34","05","11"
"12064","09","12","13","15","30","09","10"
"12063","11","25","26","29","35","01","02"
"12062","21","32","33","34","35","08","09"
"12061","05","10","14","27","33","07","09"
"12060","02","16","21","24","30","06","10"
"12059","09","13","19","21","27","03","04"
"12058","13","21","29","31","35","04","12"
"12057","01","02","14","33","34","03","05"
"12056","11","21","23","26","34","07","09"
"12055","07","22","26","32","33","01","08"
"12054","01","16","18","27","30","10","11"
"12053","11","12","26","28","31","07","12"
"12052","10","20","26","31","33","10","12"
"12051","01","02","17","18","33","05","12"
"12050","13","17","22","28","29","01","10"
"12049","09","18","22","27","31","10","12"
"12048","06","09","26","30","35","05","06"
"12047","05","07","17","30","34","03","10"
"12046","04","08","19","23","27","04","11"
"12045","05","11","17","20","28","11","12"
"12044","03","04","14","32","35","01","02"
"12043","01","06","25","31","34","03","09"
"12042","07","24","27","28","35","07","12"
"12041","01","02","13","22","23","02","10"
"12040","02","13","23","28","29","01","05"
"12039","15","21","22","24","35","01","05"
"12038","11","23","25","31","35","01","03"
"12037","09","13","27","31","35","03","10"
"12036","01","09","20","30","31","08","12"
"12035","01","04","30","32","35","08","12"
"12034","01","08","15","16","29","08","09"
"12033","08","13","19","27","32","01","08"
"12032","07","08","16","26","34","07","11"
"12031","19","21","23","25","30","03","08"
"12030","03","21","22","26","32","01","03"
"12029","04","07","08","18","29","07","10"
"12028","10","12","15","33","34","03","10"
"12027","03","10","11","22","31","05","07"
"12026","10","11","22","23","29","02","09"
"12025","01","02","05","12","27","04","07"
"12024","03","11","17","21","30","03","07"
"12023","07","09","17","29","35","09","10"
"12022","07","12","20","33","35","01","10"
"12021","10","15","21","31","34","07","08"
"12020","12","14","27","29","34","03","06"
"12019","07","09","17","30","34","01","12"
"12018","03","10","14","29","31","04","08"
"12017","06","11","22","29","34","03","12"
"12016","05","14","20","29","31","08","12"
"12015","12","13","24","26","33","06","08"
"12014","10","14","24","30","32","01","12"
"12013","07","08","11","12","24","01","02"
"12012","06","18","22","30","35","02","07"
"12011","05","19","22","29","30","02","04"
"12010","25","26","29","32","34","05","07"
"12009","06","14","20","29","35","09","10"
"12008","06","08","30","31","32","01","11"
"12007","04","05","13","17","25","07","10"
"12006","03","20","22","25","27","01","09"
"12005","01","02","29","31","33","07","12"
"12004","10","11","22","31","32","06","07"
"12003","16","22","24","33","34","03","10"
"12002","03","11","14","26","29","07","08"
"12001","07","27","28","32","33","01","12"
"11154","04","12","16","20","28","08","11"
"11153","06","22","29","30","35","03","05"
"11152","01","04","06","21","35","02","11"
"11151","07","11","14","20","27","03","10"
"11150","13","22","30","33","34","06","12"
"11149","02","07","12","29","31","03","05"
"11148","07","10","11","26","31","03","04"
"11147","01","15","16","27","28","02","07"
"11146","09","13","19","29","34","02","11"
"11145","07","15","19","24","29","04","06"
"11144","07","18","24","28","33","02","03"
"11143","08","09","12","25","33","07","10"
"11142","04","26","30","33","34","04","06"
"11141","02","11","19","22","35","10","12"
"11140","01","12","32","33","34","09","11"
"11139","04","06","10","15","16","03","04"
"11138","17","23","26","30","32","06","12"
"11137","02","15","18","23","31","01","02"
"11136","08","09","11","19","33","03","12"
"11135","06","22","29","33","35","03","12"
"11134","01","10","12","14","17","09","10"
"11133","04","11","23","26","35","03","12"
"11132","12","14","16","19","33","02","09"
"11131","03","05","12","18","33","07","11"
"11130","08","09","13","23","35","11","12"
"11129","01","07","13","18","23","04","08"
"11128","03","04","06","11","13","01","02"
"11127","01","11","22","26","29","05","08"
"11126","07","17","29","30","33","10","12"
"11125","07","10","27","34","35","10","12"
"11124","08","12","14","20","25","06","08"
"11123","10","14","18","19","35","01","06"
"11122","03","08","23","24","34","05","12"
"11121","02","03","30","31","33","03","09"
"11120","20","25","26","30","31","09","10"
"11119","04","15","20","26","31","06","12"
"11118","04","07","11","32","35","05","07"
"11117","10","12","28","32","33","03","05"
"11116","10","15","18","19","26","07","12"
"11115","17","26","30","31","35","06","11"
"11114","06","08","17","27","35","02","11"
"11113","04","05","07","10","12","04","05"
"11112","06","17","28","32","33","08","12"
"11111","02","11","13","23","31","11","12"
"11110","30","31","33","34","35","04","07"
"11109","01","11","12","22","34","08","10"
"11108","07","15","18","24","28","01","07"
"11107","02","06","18","30","32","01","08"
"11106","01","09","29","30","35","05","09"
"11105","02","11","26","32","33","05","12"
"11104","07","19","27","28","34","02","05"
"11103","03","04","26","29","34","01","03"
"11102","19","24","28","31","34","04","12"
"11101","05","12","20","28","30","03","07"
"11100","08","11","13","28","33","08","09"
"11099","02","06","09","12","20","05","08"
"11098","06","07","28","33","35","01","10"
"11097","04","19","28","31","33","11","12"
"11096","03","08","20","24","25","01","02"
"11095","09","12","17","19","29","06","11"
"11094","11","21","22","32","34","04","08"
"11093","04","06","08","19","31","10","11"
"11092","10","17","19","32","33","01","12"
"11091","11","17","23","29","30","06","08"
"11090","02","04","29","30","34","05","08"
"11089","05","06","23","27","34","03","04"
"11088","20","21","27","29","35","03","08"
"11087","06","13","20","25","34","07","09"
"11086","04","05","06","09","15","01","06"
"11085","02","17","19","21","22","03","10"
"11084","14","29","31","34","35","01","12"
"11083","06","08","18","20","24","04","08"
"11082","07","20","25","30","32","05","09"
"11081","04","13","20","21","35","02","09"
"11080","05","12","30","31","32","01","03"
"11079","01","03","23","30","31","02","10"
"11078","04","09","16","27","30","02","06"
"11077","05","08","19","33","34","01","12"
"11076","18","23","25","29","30","01","02"
"11075","06","09","20","23","28","06","10"
"11074","07","16","23","28","31","03","06"
"11073","13","19","20","22","33","05","11"
"11072","03","11","13","20","35","03","08"
"11071","27","31","33","34","35","04","06"
"11070","09","19","22","29","30","02","08"
"11069","03","05","28","29","33","04","12"
"11068","01","13","16","18","32","07","09"
"11067","10","17","22","24","32","03","10"
"11066","06","13","18","20","33","09","10"
"11065","03","11","14","25","34","01","04"
"11064","01","06","27","30","34","01","06"
"11063","10","17","18","26","32","01","05"
"11062","06","10","17","20","21","03","07"
"11061","06","07","16","18","20","04","10"
"11060","03","25","29","32","34","09","10"
"11059","09","16","21","29","34","07","10"
"11058","01","09","27","32","33","03","06"
"11057","07","11","30","31","34","09","12"
"11056","03","05","29","30","31","08","10"
"11055","01","07","31","32","35","02","10"
"11054","05","09","16","26","35","03","10"
"11053","03","16","28","31","32","01","09"
"11052","13","24","31","32","33","03","09"
"11051","06","08","12","17","18","05","10"
"11050","04","07","29","32","33","08","10"
"11049","05","06","10","22","25","01","09"
"11048","13","17","25","27","28","02","03"
"11047","02","15","22","33","35","05","08"
"11046","09","15","16","19","29","04","06"
"11045","13","21","22","29","31","07","11"
"11044","11","21","24","26","31","06","07"
"11043","02","08","23","33","35","05","10"
"11042","06","09","18","30","32","10","12"
"11041","04","05","11","13","25","03","06"
"11040","03","07","15","18","20","01","06"
"11039","01","11","14","22","34","06","08"
"11038","07","09","11","13","33","10","12"
"11037","01","12","14","22","24","10","12"
"11036","03","18","29","30","33","08","09"
"11035","03","04","13","15","32","04","09"
"11034","03","06","09","17","27","03","09"
"11033","03","19","24","29","33","03","09"
"11032","07","16","23","31","33","03","10"
"11031","12","17","19","22","35","04","11"
"11030","15","19","25","30","33","03","08"
"11029","03","09","17","24","28","06","12"
"11028","01","02","13","17","28","01","04"
"11027","05","14","25","34","35","02","05"
"11026","01","09","15","20","29","07","09"
"11025","08","09","25","28","29","02","10"
"11024","12","15","16","20","33","08","12"
"11023","05","13","16","18","24","02","12"
"11022","09","14","24","25","34","01","04"
"11021","01","09","13","17","30","02","08"
"11020","09","12","19","22","28","01","05"
"11019","08","21","23","27","33","06","11"
"11018","16","22","24","32","34","02","10"
"11017","16","19","24","26","31","02","04"
"11016","15","20","30","33","35","06","09"
"11015","08","18","19","22","23","01","03"
"11014","02","14","20","21","24","02","09"
"11013","05","08","14","28","30","04","06"
"11012","03","12","19","25","30","08","11"
"11011","02","17","23","24","30","02","09"
"11010","04","08","10","14","27","05","07"
"11009","09","10","11","14","24","03","08"
"11008","01","23","26","27","30","05","06"
"11007","14","24","32","33","35","02","09"
"11006","02","08","16","26","35","11","12"
"11005","01","07","25","27","30","07","12"
"11004","07","08","10","23","25","07","09"
"11003","01","24","27","30","31","01","06"
"11002","11","13","27","28","29","02","06"
"11001","07","08","15","32","34","05","12"
"10153","06","07","16","24","35","04","06"
"10152","02","05","18","22","23","07","12"
"10151","01","10","32","33","35","03","08"
"10150","05","24","28","29","35","01","09"
"10149","05","22","24","25","30","01","06"
"10148","03","04","08","10","35","02","06"
"10147","01","15","19","21","23","11","12"
"10146","14","17","30","31","34","04","10"
"10145","18","19","27","28","33","03","06"
"10144","02","11","16","22","31","10","11"
"10143","10","16","18","22","27","06","08"
"10142","10","11","19","21","27","04","06"
"10141","05","11","17","23","33","03","10"
"10140","06","18","20","30","31","03","06"
"10139","03","13","16","19","29","07","09"
"10138","08","12","14","19","27","05","06"
"10137","22","27","28","33","35","09","11"
"10136","03","13","18","30","33","07","08"
"10135","14","17","19","26","32","03","04"
"10134","09","12","13","19","30","04","05"
"10133","11","16","17","21","22","03","06"
"10132","18","21","23","25","29","06","11"
"10131","10","15","22","28","29","04","12"
"10130","05","06","09","10","34","08","11"
"10129","14","15","24","25","26","03","07"
"10128","06","17","19","29","35","02","08"
"10127","03","22","24","30","33","04","10"
"10126","03","05","09","13","33","05","11"
"10125","01","07","09","14","19","09","12"
"10124","01","09","27","29","34","01","06"
"10123","18","20","30","32","33","01","11"
"10122","05","06","11","13","26","02","07"
"10121","21","22","31","32","34","02","12"
"10120","08","10","18","34","35","06","10"
"10119","05","13","14","23","26","02","03"
"10118","19","22","23","29","35","08","10"
"10117","04","06","21","27","34","05","09"
"10116","14","22","27","28","35","04","10"
"10115","05","07","10","15","32","03","08"
"10114","03","07","22","25","35","03","11"
"10113","05","16","22","23","32","04","10"
"10112","14","15","18","34","35","08","10"
"10111","03","06","13","14","29","01","02"
"10110","21","29","30","33","35","07","11"
"10109","01","02","08","11","25","10","12"
"10108","01","10","13","19","34","09","12"
"10107","14","17","22","27","34","03","05"
"10106","05","27","28","29","34","09","12"
"10105","05","17","26","27","35","08","09"
"10104","14","25","30","32","33","01","11"
"10103","10","14","29","30","35","05","08"
"10102","04","15","19","24","35","01","10"
"10101","11","15","22","27","35","05","08"
"10100","19","20","30","33","35","06","08"
"10099","03","11","17","21","30","01","08"
"10098","02","03","12","13","25","01","07"
"10097","09","17","21","28","29","02","08"
"10096","04","09","24","30","35","01","10"
"10095","12","14","16","19","25","01","06"
"10094","20","32","33","34","35","06","07"
"10093","02","04","09","28","29","05","08"
"10092","02","15","29","30","34","02","12"
"10091","06","10","23","26","31","05","07"
"10090","08","24","26","31","32","07","09"
"10089","04","10","13","18","23","08","10"
"10088","03","05","14","30","35","03","06"
"10087","01","12","20","21","24","02","08"
"10086","01","02","12","19","35","05","07"
"10085","02","10","16","18","34","02","03"
"10084","03","13","14","22","26","02","05"
"10083","07","11","21","22","35","04","07"
"10082","05","08","24","29","30","04","06"
"10081","14","18","20","24","27","05","10"
"10080","08","19","27","29","34","04","10"
"10079","01","04","21","22","24","02","05"
"10078","02","03","15","28","35","01","11"
"10077","06","07","09","17","24","02","12"
"10076","09","12","16","19","35","02","12"
"10075","10","12","17","23","27","05","07"
"10074","03","07","20","27","32","02","12"
"10073","04","09","11","30","32","01","11"
"10072","05","10","17","23","25","03","10"
"10071","07","12","26","30","32","02","07"
"10070","05","14","23","25","28","11","12"
"10069","06","17","18","25","29","08","09"
"10068","11","17","19","20","34","06","10"
"10067","01","11","19","30","32","03","10"
"10066","15","21","22","24","27","01","06"
"10065","05","08","13","14","32","08","11"
"10064","07","10","12","20","21","06","09"
"10063","07","14","16","30","31","03","06"
"10062","06","07","18","30","31","07","08"
"10061","05","12","14","17","22","05","07"
"10060","10","13","22","33","34","01","05"
"10059","06","10","14","25","34","01","03"
"10058","06","15","17","19","30","01","12"
"10057","15","17","24","32","35","07","09"
"10056","05","09","23","25","30","09","12"
"10055","13","14","17","27","32","02","10"
"10054","12","25","29","30","33","10","11"
"10053","09","19","22","26","34","09","11"
"10052","04","06","25","29","32","05","06"
"10051","06","10","20","24","32","06","10"
"10050","07","08","15","30","35","05","10"
"10049","01","25","29","31","33","04","10"
"10048","02","03","10","12","25","03","09"
"10047","04","08","11","30","31","02","08"
"10046","02","15","19","26","27","05","06"
"10045","08","17","18","20","28","09","10"
"10044","06","21","24","28","30","02","07"
"10043","05","08","10","33","35","02","10"
"10042","01","05","19","34","35","06","07"
"10041","16","22","28","29","34","04","12"
"10040","13","20","26","31","35","02","11"
"10039","07","19","26","28","32","01","08"
"10038","08","10","25","29","33","01","02"
"10037","19","21","26","34","35","01","09"
"10036","19","25","28","31","33","01","08"
"10035","14","16","20","31","34","01","07"
"10034","01","06","19","25","26","03","09"
"10033","12","19","28","29","30","05","08"
"10032","13","16","23","24","33","07","11"
"10031","05","13","16","17","35","06","08"
"10030","10","12","19","32","35","02","07"
"10029","21","22","33","34","35","03","04"
"10028","01","02","07","20","35","01","03"
"10027","05","23","26","32","34","02","09"
"10026","05","23","25","31","35","07","10"
"10025","09","11","13","14","25","01","07"
"10024","03","14","19","24","25","04","11"
"10023","11","13","29","32","33","02","08"
"10022","02","11","13","14","25","02","05"
"10021","11","20","23","24","25","07","09"
"10020","08","18","26","32","33","01","06"
"10019","03","11","19","26","27","02","09"
"10018","03","10","26","32","33","04","12"
"10017","13","21","23","27","34","09","12"
"10016","10","12","20","23","32","04","10"
"10015","03","10","14","18","28","08","10"
"10014","18","19","30","33","35","02","04"
"10013","18","21","22","26","34","09","12"
"10012","20","24","30","31","33","05","12"
"10011","02","03","11","27","32","08","11"
"10010","15","22","24","32","35","02","09"
"10009","02","05","13","27","32","03","11"
"10008","11","23","25","31","32","05","11"
"10007","07","23","26","29","32","08","11"
"10006","03","13","19","30","34","02","05"
"10005","04","17","19","22","30","02","03"
"10004","03","06","21","24","34","04","06"
"10003","05","14","23","27","30","02","08"
"10002","04","23","25","26","30","07","10"
"10001","02","06","07","12","27","02","08"
"09153","21","22","30","32","34","03","07"
"09152","01","23","29","30","32","07","12"
"09151","03","08","14","30","31","04","09"
"09150","04","11","18","25","34","05","07"
"09149","01","03","10","12","20","02","07"
"09148","02","04","13","14","33","01","09"
"09147","06","12","18","22","29","05","08"
"09146","11","17","23","24","25","03","06"
"09145","05","11","14","22","35","03","10"
"09144","18","26","32","33","34","04","06"
"09143","01","09","10","11","22","01","12"
"09142","05","06","13","24","31","03","11"
"09141","13","14","21","30","33","02","08"
"09140","07","08","19","26","30","01","12"
"09139","14","16","20","22","32","05","09"
"09138","03","04","14","28","32","09","10"
"09137","12","28","29","30","34","01","09"
"09136","07","13","23","24","29","06","10"
"09135","06","08","15","20","32","05","06"
"09134","02","16","19","28","33","07","11"
"09133","01","08","24","27","34","10","11"
"09132","02","10","12","15","28","04","07"
"09131","02","03","08","33","34","03","11"
"09130","09","14","25","32","34","02","08"
"09129","02","10","18","32","33","03","08"
"09128","06","21","28","32","34","04","07"
"09127","05","09","27","32","34","05","08"
"09126","14","23","27","28","33","08","12"
"09125","08","20","23","29","31","02","11"
"09124","01","03","14","32","35","07","11"
"09123","10","21","28","29","32","06","10"
"09122","01","02","11","31","33","05","06"
"09121","04","05","08","11","22","02","10"
"09120","11","23","27","28","32","02","05"
"09119","03","12","22","23","28","04","12"
"09118","10","17","18","21","34","05","11"
"09117","07","21","29","31","33","09","10"
"09116","12","15","23","30","33","09","12"
"09115","01","02","06","08","26","05","12"
"09114","02","08","25","29","33","03","07"
"09113","03","04","10","18","27","06","08"
"09112","02","08","12","34","35","04","05"
"09111","04","11","13","19","35","10","12"
"09110","22","28","30","31","34","07","09"
"09109","02","11","13","26","35","06","10"
"09108","01","09","14","29","30","07","10"
"09107","11","12","33","34","35","01","10"
"09106","11","21","22","25","34","06","09"
"09105","01","25","26","34","35","06","11"
"09104","15","25","29","32","33","10","11"
"09103","16","20","28","32","33","01","02"
"09102","11","13","29","32","35","10","12"
"09101","02","10","14","22","26","04","09"
"09100","16","20","25","29","33","01","08"
"09099","03","09","21","23","33","06","10"
"09098","11","17","19","25","26","02","10"
"09097","06","13","14","22","25","01","04"
"09096","07","12","28","32","33","01","03"
"09095","08","18","24","30","33","01","06"
"09094","01","05","21","23","29","05","12"
"09093","07","09","22","30","33","09","11"
"09092","10","21","22","27","29","08","12"
"09091","01","05","17","32","34","03","07"
"09090","18","25","30","33","34","04","10"
"09089","03","06","11","19","27","02","07"
"09088","13","16","27","32","34","03","09"
"09087","10","24","28","30","33","01","10"
"09086","01","02","07","26","29","10","12"
"09085","06","13","27","33","34","09","12"
"09084","05","09","19","26","35","02","10"
"09083","02","05","28","34","35","01","07"
"09082","05","11","26","29","32","08","11"
"09081","02","15","20","25","33","03","06"
"09080","07","16","19","29","35","02","11"
"09079","01","02","07","13","34","04","10"
"09078","11","23","26","31","34","05","11"
"09077","07","20","28","32","34","06","08"
"09076","03","09","11","18","24","04","05"
"09075","01","07","11","32","33","09","11"
"09074","15","17","19","23","32","01","11"
"09073","01","10","19","21","30","01","04"
"09072","23","26","29","32","33","05","10"
"09071","04","20","29","30","33","02","11"
"09070","10","21","24","30","31","03","10"
"09069","14","16","27","30","33","08","12"
"09068","02","12","15","20","28","01","12"
"09067","03","06","25","28","32","02","05"
"09066","01","08","19","24","31","06","12"
"09065","01","12","24","27","32","02","11"
"09064","06","10","11","17","34","11","12"
"09063","05","06","18","21","22","01","07"
"09062","04","22","23","29","31","05","11"
"09061","02","10","21","26","34","02","10"
"09060","18","28","29","30","31","04","08"
"09059","02","13","14","29","33","04","11"
"09058","08","10","14","27","32","02","07"
"09057","06","15","22","27","30","02","09"
"09056","04","13","17","32","35","03","06"
"09055","05","08","14","23","24","05","06"
"09054","02","12","19","29","30","07","12"
"09053","05","09","24","31","33","05","06"
"09052","23","24","30","34","35","01","03"
"09051","03","11","22","26","29","05","12"
"09050","05","15","28","32","33","08","09"
"09049","05","16","28","29","34","11","12"
"09048","05","06","22","25","27","11","12"
"09047","13","18","21","24","29","03","06"
"09046","01","09","24","34","35","04","09"
"09045","01","09","14","24","35","06","09"
"09044","01","07","18","29","34","03","09"
"09043","05","21","22","32","35","02","05"
"09042","11","24","25","26","31","02","07"
"09041","05","09","20","23","29","04","10"
"09040","03","16","30","32","33","01","10"
"09039","01","03","07","10","33","03","04"
"09038","06","17","20","29","32","04","05"
"09037","17","18","19","25","31","01","11"
"09036","02","12","26","31","33","09","10"
"09035","03","07","09","28","33","03","08"
"09034","05","19","31","32","35","04","09"
"09033","02","08","18","21","32","08","11"
"09032","04","12","20","26","29","06","10"
"09031","07","11","19","21","22","01","11"
"09030","01","07","27","30","32","01","04"
"09029","03","04","13","17","24","04","11"
"09028","06","20","30","32","35","09","11"
"09027","03","22","26","33","34","09","10"
"09026","24","30","31","32","34","10","12"
"09025","03","17","22","23","33","04","10"
"09024","29","31","32","33","35","10","11"
"09023","15","17","21","27","33","07","11"
"09022","12","14","17","34","35","04","11"
"09021","01","15","31","32","34","03","08"
"09020","05","16","18","32","35","02","11"
"09019","04","29","31","32","35","04","10"
"09018","01","06","13","28","29","03","09"
"09017","05","11","23","26","33","04","12"
"09016","10","11","20","26","27","09","11"
"09015","01","05","10","16","27","03","04"
"09014","08","14","15","25","26","07","09"
"09013","05","24","26","30","35","05","12"
"09012","02","05","20","25","31","10","12"
"09011","02","11","13","14","21","02","04"
"09010","02","09","12","21","29","07","11"
"09009","12","18","23","26","32","06","09"
"09008","04","17","21","29","31","02","12"
"09007","06","14","15","29","35","06","11"
"09006","02","04","22","31","35","09","12"
"09005","10","11","15","31","32","05","08"
"09004","01","03","22","32","35","06","10"
"09003","16","18","23","30","32","02","11"
"09002","01","04","07","12","30","05","10"
"09001","01","15","23","27","30","04","10"
"08154","05","07","10","29","32","04","06"
"08153","02","04","06","25","26","02","05"
"08152","03","05","14","20","33","07","11"
"08151","07","10","27","31","34","08","09"
"08150","01","09","10","15","25","03","08"
"08149","02","05","06","27","29","03","04"
"08148","03","07","20","33","35","04","07"
"08147","16","18","19","24","35","11","12"
"08146","09","23","24","26","33","07","12"
"08145","05","16","27","29","30","05","11"
"08144","10","19","27","28","33","05","12"
"08143","01","02","22","29","32","01","04"
"08142","06","18","21","30","35","08","09"
"08141","09","15","18","30","34","04","05"
"08140","02","09","11","29","32","08","09"
"08139","01","06","10","14","22","06","08"
"08138","04","05","18","22","35","07","08"
"08137","01","10","25","32","35","05","09"
"08136","03","28","29","32","34","01","06"
"08135","07","22","25","29","33","01","12"
"08134","11","13","15","28","35","08","10"
"08133","10","12","15","33","35","03","09"
"08132","06","14","24","27","29","05","09"
"08131","08","09","12","21","32","07","11"
"08130","03","05","22","29","34","07","12"
"08129","13","16","20","25","27","04","05"
"08128","12","15","23","24","25","10","11"
"08127","08","21","22","31","33","01","07"
"08126","09","29","32","34","35","01","08"
"08125","01","04","28","33","34","06","11"
"08124","02","10","13","29","33","06","10"
"08123","01","06","12","28","31","08","09"
"08122","03","06","12","20","29","09","12"
"08121","11","23","24","32","35","04","10"
"08120","21","23","24","25","32","03","04"
"08119","01","02","10","19","27","01","11"
"08118","06","09","19","25","30","06","12"
"08117","13","23","24","25","30","02","08"
"08116","06","08","15","24","31","01","03"
"08115","07","09","19","21","33","07","10"
"08114","02","03","22","27","31","06","07"
"08113","11","14","17","19","22","01","08"
"08112","04","18","26","32","33","05","08"
"08111","02","11","12","14","19","05","09"
"08110","05","16","25","27","33","04","09"
"08109","01","10","18","28","34","05","08"
"08108","11","16","24","29","32","09","11"
"08107","01","02","13","15","16","04","09"
"08106","03","05","21","28","33","02","06"
"08105","12","21","22","26","35","04","05"
"08104","07","08","10","24","34","08","11"
"08103","02","11","22","30","34","04","09"
"08102","05","25","26","29","35","03","10"
"08101","10","13","23","31","33","04","11"
"08100","12","20","26","29","30","02","06"
"08099","03","18","23","25","30","06","10"
"08098","07","10","22","27","33","04","08"
"08097","01","10","31","33","35","03","10"
"08096","06","07","12","25","28","02","12"
"08095","03","04","11","21","25","01","07"
"08094","07","12","19","27","34","11","12"
"08093","06","07","10","24","30","05","08"
"08092","03","23","26","32","34","04","09"
"08091","09","13","19","22","25","04","10"
"08090","04","11","18","33","34","02","06"
"08089","08","13","24","32","33","03","09"
"08088","07","11","19","27","31","02","03"
"08087","14","22","32","33","35","01","05"
"08086","01","06","10","22","35","03","07"
"08085","03","07","13","15","19","02","10"
"08084","02","17","20","22","25","05","11"
"08083","06","14","15","30","31","03","10"
"08082","15","19","29","33","35","01","02"
"08081","07","08","20","22","29","04","07"
"08080","06","09","29","31","33","05","11"
"08079","20","23","26","32","33","05","12"
"08078","08","17","20","28","31","07","11"
"08077","01","08","21","33","34","05","07"
"08076","03","05","10","27","34","01","12"
"08075","01","10","13","30","33","06","07"
"08074","10","13","22","31","35","04","12"
"08073","02","05","06","07","31","08","10"
"08072","10","25","32","33","34","03","09"
"08071","01","05","11","14","25","01","09"
"08070","09","17","18","21","31","01","05"
"08069","05","13","16","29","33","06","08"
"08068","06","09","11","33","34","06","10"
"08067","03","10","14","15","22","04","07"
"08066","02","07","21","22","25","04","12"
"08065","19","22","23","25","32","06","12"
"08064","14","18","24","27","31","06","07"
"08063","07","11","24","30","35","06","08"
"08062","01","15","27","28","29","03","10"
"08061","07","10","14","19","32","03","06"
"08060","03","13","17","23","30","01","11"
"08059","07","13","21","25","31","08","10"
"08058","03","09","11","29","33","03","12"
"08057","05","08","09","17","33","05","06"
"08056","15","19","25","30","31","03","09"
"08055","02","14","28","30","35","04","12"
"08054","05","14","23","31","35","02","06"
"08053","01","13","21","23","32","03","06"
"08052","03","18","19","30","35","05","09"
"08051","01","07","09","11","33","03","11"
"08050","01","05","11","26","27","03","07"
"08049","01","11","14","28","30","03","10"
"08048","01","13","22","25","27","02","10"
"08047","12","18","22","23","30","06","12"
"08046","11","25","26","27","35","07","08"
"08045","14","32","33","34","35","02","04"
"08044","02","21","23","27","32","10","11"
"08043","05","08","10","31","33","02","04"
"08042","05","10","13","32","35","04","05"
"08041","07","17","21","22","28","05","10"
"08040","04","08","19","22","29","08","11"
"08039","07","11","15","27","35","04","07"
"08038","12","13","19","32","33","02","10"
"08037","11","20","24","31","35","04","10"
"08036","09","19","22","30","32","01","10"
"08035","02","12","13","29","30","05","07"
"08034","06","07","18","34","35","05","10"
"08033","03","10","21","23","30","01","09"
"08032","03","09","19","27","33","09","10"
"08031","14","20","23","27","28","02","04"
"08030","03","21","23","26","35","05","08"
"08029","06","11","18","29","30","04","11"
"08028","03","11","17","19","26","07","12"
"08027","05","17","23","31","32","04","08"
"08026","01","21","22","24","25","08","10"
"08025","06","10","12","15","28","04","12"
"08024","08","12","17","20","30","01","02"
"08023","06","26","31","32","34","07","10"
"08022","09","12","13","25","31","08","10"
"08021","05","10","13","21","24","04","09"
"08020","04","05","15","17","33","04","08"
"08019","08","24","25","29","31","04","05"
"08018","03","06","07","11","30","02","03"
"08017","02","14","25","29","32","01","06"
"08016","08","10","11","17","19","06","09"
"08015","09","18","20","27","33","06","09"
"08014","04","07","10","28","34","01","06"
"08013","01","11","19","22","35","05","09"
"08012","02","10","29","32","35","02","03"
"08011","14","20","22","24","27","07","10"
"08010","06","23","24","27","29","06","08"
"08009","04","08","12","24","30","05","08"
"08008","02","06","08","17","32","08","09"
"08007","03","04","05","12","28","03","12"
"08006","10","12","26","29","34","05","07"
"08005","18","25","29","31","34","09","10"
"08004","09","22","24","31","33","08","09"
"08003","01","11","13","32","35","02","07"
"08002","01","12","24","31","32","10","12"
"08001","01","02","11","34","35","03","10"
"07093","06","08","16","25","27","08","12"
"07092","06","19","27","28","29","06","10"
"07091","07","12","26","31","32","03","08"
"07090","04","20","24","31","33","09","12"
"07089","08","13","24","30","34","01","12"
"07088","17","18","21","23","33","06","10"
"07087","08","18","30","31","33","04","09"
"07086","14","18","19","26","28","03","09"
"07085","17","24","28","29","33","02","05"
"07084","05","11","18","29","34","10","11"
"07083","01","05","20","21","24","03","04"
"07082","03","05","14","33","34","07","08"
"07081","06","18","20","22","35","04","09"
"07080","01","15","20","25","27","05","10"
"07079","06","09","25","26","31","02","08"
"07078","09","12","14","22","23","01","02"
"07077","04","06","12","13","24","01","04"
"07076","02","09","12","15","31","09","10"
"07075","05","11","20","30","32","07","11"
"07074","16","17","23","24","31","05","10"
"07073","04","05","09","12","23","02","11"
"07072","21","24","26","27","33","01","05"
"07071","10","22","32","33","35","01","07"
"07070","07","26","29","30","35","03","04"
"07069","02","13","16","21","35","01","05"
"07068","04","09","13","14","33","06","10"
"07067","11","18","25","30","31","04","09"
"07066","04","07","08","19","24","07","12"
"07065","19","20","24","29","31","09","10"
"07064","02","16","32","33","35","05","10"
"07063","10","31","33","34","35","07","12"
"07062","01","04","10","14","29","11","12"
"07061","02","10","19","28","29","02","09"
"07060","12","13","29","30","31","04","07"
"07059","04","15","23","31","33","03","09"
"07058","08","21","25","28","33","02","06"
"07057","14","16","30","32","35","06","07"
"07056","04","11","17","20","21","05","09"
"07055","10","16","24","31","33","07","10"
"07054","04","10","19","29","34","03","06"
"07053","11","16","19","21","25","01","10"
"07052","01","14","29","32","33","05","10"
"07051","03","07","24","28","35","08","11"
"07050","13","21","22","30","35","01","11"
"07049","09","10","15","17","32","04","06"
"07048","08","25","26","29","35","06","08"
"07047","01","06","15","19","35","02","09"
"07046","04","16","18","23","30","01","10"
"07045","09","16","20","26","35","11","12"
"07044","04","05","07","12","26","01","10"
"07043","04","09","22","24","31","02","06"
"07042","07","10","22","31","35","05","06"
"07041","03","16","17","22","35","01","08"
"07040","05","21","25","28","35","01","04"
"07039","10","11","20","21","35","07","11"
"07038","06","21","25","27","32","08","09"
"07037","01","06","07","17","31","11","12"
"07036","15","18","21","27","34","01","02"
"07035","07","11","16","31","32","01","12"
"07034","06","08","11","13","22","02","11"
"07033","01","05","08","14","22","03","12"
"07032","01","13","21","23","32","04","11"
"07031","03","21","27","31","32","06","08"
"07030","11","14","27","33","35","02","07"
"07029","15","22","25","29","35","09","11"
"07028","20","26","30","34","35","03","10"
"07027","02","03","10","19","27","06","10"
"07026","05","09","13","33","35","01","08"
"07025","22","24","26","27","34","02","10"
"07024","06","16","20","25","31","04","09"
"07023","08","10","23","32","34","08","10"
"07022","08","10","12","23","25","03","10"
"07021","02","04","24","29","33","01","02"
"07020","02","06","11","12","18","05","12"
"07019","03","06","17","22","23","04","06"
"07018","03","04","16","23","28","06","09"
"07017","13","14","29","32","34","03","12"
"07016","01","14","19","24","31","03","12"
"07015","02","08","12","13","17","11","12"
"07014","01","02","07","29","32","06","07"
"07013","12","17","27","29","34","06","09"
"07012","03","12","15","29","34","07","11"
"07011","29","32","33","34","35","09","10"
"07010","06","08","18","29","34","09","11"
"07009","01","03","09","19","34","09","12"
"07008","02","08","11","21","23","04","07"
"07007","14","16","25","26","35","04","09"
"07006","01","16","20","23","28","03","06"
"07005","01","09","19","20","30","02","11"
